{"figures": [{"object": "human", "geometry": {"position": {"x": -1.130189559608849, "y": 0.5984783400500603, "z": 2.2582895696154117}, "rotation": {"x": 0, "y": 0, "z": 0}, "dimensions": {"x": 1.53359999, "y": 0.7656000039999998, "z": 1.3794063166666661}}, "door": "unknown"}, {"object": "human", "geometry": {"position": {"x": -1.2600658375903593, "y": -0.34461184815216916, "z": 2.8364188095908998}, "rotation": {"x": 0, "y": 0, "z": 0}, "dimensions": {"x": 1.012500004, "y": 0.12981816727272727, "z": 0.40650010000000014}}, "door": "unknown"}, {"object": "human", "geometry": {"position": {"x": -0.3801951622090019, "y": -0.2331926879775269, "z": 2.2024922404380787}, "rotation": {"x": 0, "y": 0, "z": 0}, "dimensions": {"x": 0.4858666937777777, "y": 0.3126060658383839, "z": 1.3838000666666666}}, "door": "unknown"}, {"object": "human", "geometry": {"position": {"x": -0.10305894580491025, "y": -0.38064551523838724, "z": 2.928456631844931}, "rotation": {"x": 0, "y": 0, "z": 0}, "dimensions": {"x": 0.13000000158333333, "y": 0.03699998666666671, "z": 0.1585001100000003}}, "door": "unknown"}]}