{"figures": [{"object": "limb", "geometry": {"position": {"x": -0.323437092488606, "y": -0.25510187914274657, "z": 2.543562593514985}, "rotation": {"x": 0, "y": 0, "z": 0}, "dimensions": {"x": 0.5833421103631579, "y": 0.44499999133333334, "z": 0.8509637254545455}}, "door": "unknown"}, {"object": "human", "geometry": {"position": {"x": 1.2325076245579432, "y": 0.7192335322494665, "z": 2.260474244071127}, "rotation": {"x": 0, "y": 0, "z": 0}, "dimensions": {"x": 1.1286771455714288, "y": 0.5501038923809527, "z": 1.415743048571428}}, "door": "unknown"}, {"object": "human", "geometry": {"position": {"x": -1.063810454706061, "y": -0.3519470760963498, "z": 2.7538372131614737}, "rotation": {"x": 0, "y": 0, "z": 0}, "dimensions": {"x": 0.95850007, "y": 0.11160001300000005, "z": 0.5795714523809519}}, "door": "unknown"}, {"object": "human", "geometry": {"position": {"x": -0.17181781952662567, "y": -0.3790747372002048, "z": 2.767032979549411}, "rotation": {"x": 0, "y": 0, "z": 0}, "dimensions": {"x": 0.06749999999999998, "y": 0.02941666111111113, "z": 0.2517499499999998}}, "door": "unknown"}]}