{"figures": [{"object": "human", "geometry": {"position": {"x": 1.541960312280898, "y": 0.9890561866110095, "z": 2.9367942145550128}, "rotation": {"x": 0, "y": 0, "z": 0}, "dimensions": {"x": 0.08554614076923084, "y": 0.01949999800000002, "z": 0.09233341111111049}}, "door": "unknown"}, {"object": "limb", "geometry": {"position": {"x": -0.2514804976435545, "y": -0.009727448185604969, "z": 2.9099410684717006}, "rotation": {"x": 0, "y": 0, "z": 0}, "dimensions": {"x": 0.5742857348571428, "y": 0.24587910746268668, "z": 0.27512508333333274}}, "door": "unknown"}]}