{"figures": [{"object": "human", "geometry": {"position": {"x": -0.9098251367592549, "y": -0.08299576646325695, "z": 2.3099677555325813}, "rotation": {"x": 0, "y": 0, "z": 0}, "dimensions": {"x": 1.3630000122222221, "y": 0.8286666690277781, "z": 1.4257501999999993}}, "door": "unknown"}, {"object": "human", "geometry": {"position": {"x": -0.6707500016666667, "y": -0.06740908999242425, "z": 2.8404774174242426}, "rotation": {"x": 0, "y": 0, "z": 0}, "dimensions": {"x": 0.08100003, "y": 0.018000002999999994, "z": 0.265333416666667}}, "door": "unknown"}, {"object": "limb", "geometry": {"position": {"x": -0.22666397818583195, "y": -0.3764644142193465, "z": 2.847298081379744}, "rotation": {"x": 0, "y": 0, "z": 0}, "dimensions": {"x": 0.55499999, "y": 0.056257138190476286, "z": 0.3389139051724128}}, "door": "unknown"}, {"object": "human", "geometry": {"position": {"x": -0.4558500005000001, "y": -0.10215000055000001, "z": 2.883300153333334}, "rotation": {"x": 0, "y": 0, "z": 0}, "dimensions": {"x": 0.00599997999999996, "y": 0.063000005, "z": 0.14633340000000006}}, "door": "unknown"}]}