{"figures": [{"object": "human", "geometry": {"position": {"x": -0.04747943896227631, "y": -0.3875777681235887, "z": 2.7997073674098547}, "rotation": {"x": 0, "y": 0, "z": 0}, "dimensions": {"x": 0.20025000075, "y": 0.015999996666666627, "z": 0.31490910909090886}}, "door": "unknown"}, {"object": "human", "geometry": {"position": {"x": -1.3706100533821302, "y": 0.9431471991781487, "z": 2.833443161481546}, "rotation": {"x": 0, "y": 0, "z": 0}, "dimensions": {"x": 0.3250105252631581, "y": 0.12660575105769223, "z": 0.397490602575588}}, "door": "unknown"}, {"object": "human", "geometry": {"position": {"x": -1.7702400749896723, "y": -0.37291787114297753, "z": 2.7708234281563535}, "rotation": {"x": 0, "y": 0, "z": 0}, "dimensions": {"x": 0.04799996666666684, "y": 0.04349999500000007, "z": 0.1120000000000001}}, "door": "unknown"}, {"object": "human", "geometry": {"position": {"x": -0.3863229441951561, "y": -0.37237502154385377, "z": 2.847135842577896}, "rotation": {"x": 0, "y": 0, "z": 0}, "dimensions": {"x": 0.10066666111111111, "y": 0.052783785135135375, "z": 0.2319500599999995}}, "door": "unknown"}]}