{"figures": [{"object": "limb", "geometry": {"position": {"x": 0.043733100431928934, "y": -0.38947756137680983, "z": 2.8874678078141267}, "rotation": {"x": 0, "y": 0, "z": 0}, "dimensions": {"x": 0.18349999491666666, "y": 0.022000010000000014, "z": 0.20950002500000053}}, "door": "unknown"}]}