{"figures": [{"object": "human", "geometry": {"position": {"x": -1.4445179709236102, "y": -0.3444561643904287, "z": 2.8042256157672405}, "rotation": {"x": 0, "y": 0, "z": 0}, "dimensions": {"x": 0.6707143, "y": 0.1352727190909091, "z": 0.5208846576923079}}, "door": "unknown"}, {"object": "limb", "geometry": {"position": {"x": 0.14286184467279983, "y": -0.3791068898775476, "z": 2.7703974735196244}, "rotation": {"x": 0, "y": 0, "z": 0}, "dimensions": {"x": 0.21272283, "y": 0.03375000250000004, "z": 0.425928623809523}}, "door": "unknown"}, {"object": "human", "geometry": {"position": {"x": -0.21862971208915455, "y": -0.37328139904399676, "z": 2.8102880129177845}, "rotation": {"x": 0, "y": 0, "z": 0}, "dimensions": {"x": 0.13499999499999998, "y": 0.048839992800000065, "z": 0.2748498500000003}}, "door": "unknown"}]}