{"figures": [{"object": "human", "geometry": {"position": {"x": -1.3191433654389018, "y": -0.337850834401215, "z": 2.757864760256506}, "rotation": {"x": 0, "y": 0, "z": 0}, "dimensions": {"x": 0.9801923230769228, "y": 0.1509999966666667, "z": 0.547881035714286}}, "door": "unknown"}, {"object": "wear", "geometry": {"position": {"x": -0.08105857774560524, "y": -0.3722706583412069, "z": 2.832671125772859}, "rotation": {"x": 0, "y": 0, "z": 0}, "dimensions": {"x": 0.590444451111111, "y": 0.0514800116000001, "z": 0.36091677870370287}}, "door": "unknown"}, {"object": "human", "geometry": {"position": {"x": -0.5984245878094568, "y": -0.36986334480531424, "z": 2.854030276391125}, "rotation": {"x": 0, "y": 0, "z": 0}, "dimensions": {"x": 0.06705882411764696, "y": 0.0633529255882353, "z": 0.21683515384615415}}, "door": "unknown"}]}