{"figures": [{"object": "human", "geometry": {"position": {"x": -0.07096674033749008, "y": -0.3915026806468254, "z": 2.927159190069445}, "rotation": {"x": 0, "y": 0, "z": 0}, "dimensions": {"x": 0.16199999517, "y": 0.017999980000000027, "z": 0.09861906666666664}}, "door": "unknown"}]}