{"figures": [{"object": "human", "geometry": {"position": {"x": -0.8151905795882288, "y": 0.8447348880556969, "z": 2.413073908976065}, "rotation": {"x": 0, "y": 0, "z": 0}, "dimensions": {"x": 0.992999994285714, "y": 0.34387352217391276, "z": 1.08682145}}, "door": "unknown"}, {"object": "human", "geometry": {"position": {"x": 1.8934197737637943, "y": 0.008595575362561123, "z": 2.8614292778316273}, "rotation": {"x": 0, "y": 0, "z": 0}, "dimensions": {"x": 0.0385714714285712, "y": 0.02774999985, "z": 0.12566663333333317}}, "door": "unknown"}]}