{"figures": [{"object": "human", "geometry": {"position": {"x": -0.3300599748118729, "y": -0.13159520223985727, "z": 2.09317185583407}, "rotation": {"x": 0, "y": 0, "z": 0}, "dimensions": {"x": 0.54967502275, "y": 0.42685714766666666, "z": 1.421063366666666}}, "door": "unknown"}, {"object": "human", "geometry": {"position": {"x": 0.5863556253128842, "y": 0.20091235634935892, "z": 2.1738442120713968}, "rotation": {"x": 0, "y": 0, "z": 0}, "dimensions": {"x": 0.7246153907692308, "y": 0.46799999999999997, "z": 1.4148002000000008}}, "door": "unknown"}, {"object": "human", "geometry": {"position": {"x": -0.9146373747039364, "y": -0.3444350378215695, "z": 2.7778329929965047}, "rotation": {"x": 0, "y": 0, "z": 0}, "dimensions": {"x": 0.7660714457142854, "y": 0.10110000000000008, "z": 0.6298182909090904}}, "door": "unknown"}, {"object": "limb", "geometry": {"position": {"x": 0.09668634431064163, "y": -0.2966727448221234, "z": 2.7555503547315268}, "rotation": {"x": 0, "y": 0, "z": 0}, "dimensions": {"x": 0.193500004, "y": 0.21351818481818186, "z": 0.4540000124999999}}, "door": "unknown"}]}