{"figures": [{"object": "human", "geometry": {"position": {"x": -1.7443282740127464, "y": -0.3740716479938672, "z": 2.814336934993987}, "rotation": {"x": 0, "y": 0, "z": 0}, "dimensions": {"x": 0.051000022222222, "y": 0.013500000000000012, "z": 0.06385462181818191}}, "door": "unknown"}]}