{"figures": [{"object": "human", "geometry": {"position": {"x": -0.8474709434653963, "y": -0.33235150879321523, "z": 2.6483808641237996}, "rotation": {"x": 0, "y": 0, "z": 0}, "dimensions": {"x": 0.7605000099999998, "y": 0.22239394434343437, "z": 0.9317001700000005}}, "door": "unknown"}, {"object": "limb", "geometry": {"position": {"x": 0.1152243210503217, "y": -0.3908033175521542, "z": 2.906712680085743}, "rotation": {"x": 0, "y": 0, "z": 0}, "dimensions": {"x": 0.25687500494, "y": 0.014785717857142944, "z": 0.1435556111111116}}, "door": "unknown"}]}