{"figures": [{"object": "human", "geometry": {"position": {"x": -1.2711460618024786, "y": -0.35523874150646434, "z": 2.7696351803454466}, "rotation": {"x": 0, "y": 0, "z": 0}, "dimensions": {"x": 0.9664000033333331, "y": 0.12400000666666672, "z": 0.4920001333333328}}, "door": "unknown"}, {"object": "limb", "geometry": {"position": {"x": -0.23372421428034124, "y": -0.3837282192102223, "z": 2.8713821652015974}, "rotation": {"x": 0, "y": 0, "z": 0}, "dimensions": {"x": 0.453647372498421, "y": 0.03466666111111111, "z": 0.26285714285714334}}, "door": "unknown"}]}