{"figures": [{"object": "human", "geometry": {"position": {"x": -0.6070235423256837, "y": -0.3675416791667701, "z": 2.1616083647232}, "rotation": {"x": 0, "y": 0, "z": 0}, "dimensions": {"x": 0.06900000000000006, "y": 0.0624473610526316, "z": 0.11730832556391046}}, "door": "unknown"}, {"object": "human", "geometry": {"position": {"x": -0.9856119784239558, "y": -0.3557069833610335, "z": 2.7658538869731206}, "rotation": {"x": 0, "y": 0, "z": 0}, "dimensions": {"x": 1.8672857142857142, "y": 0.10590000200000005, "z": 0.5070000952380953}}, "door": "unknown"}]}