{"figures": [{"object": "human", "geometry": {"position": {"x": -0.26823802503810495, "y": -0.01209655612323402, "z": 2.728662302206397}, "rotation": {"x": 0, "y": 0, "z": 0}, "dimensions": {"x": 0.09224999250000002, "y": 0.1292045461590909, "z": 0.5766667166666668}}, "door": "unknown"}, {"object": "human", "geometry": {"position": {"x": -1.2668046385776808, "y": -0.3484950544030586, "z": 2.733936622636599}, "rotation": {"x": 0, "y": 0, "z": 0}, "dimensions": {"x": 1.0880000433333332, "y": 0.12920453840909102, "z": 0.6588763057142843}}, "door": "unknown"}, {"object": "human", "geometry": {"position": {"x": -0.2967297361736762, "y": -0.37295542729143427, "z": 2.841874519194728}, "rotation": {"x": 0, "y": 0, "z": 0}, "dimensions": {"x": 0.3228000188, "y": 0.05250000250000003, "z": 0.3108334666666668}}, "door": "unknown"}]}