{"figures": [{"object": "human", "geometry": {"position": {"x": -0.9157127260054666, "y": -0.11056095326468984, "z": 2.273254218150551}, "rotation": {"x": 0, "y": 0, "z": 0}, "dimensions": {"x": 1.0136666577777778, "y": 0.6346666666666667, "z": 1.4307000941666657}}, "door": "unknown"}, {"object": "human", "geometry": {"position": {"x": -1.3426625139071193, "y": -0.3468081239626324, "z": 2.7097737147320546}, "rotation": {"x": 0, "y": 0, "z": 0}, "dimensions": {"x": 0.7925769230769232, "y": 0.1236000100000001, "z": 0.7584583874999993}}, "door": "unknown"}, {"object": "human", "geometry": {"position": {"x": -0.47161341377016075, "y": -0.3650880307011298, "z": 2.8548737145597274}, "rotation": {"x": 0, "y": 0, "z": 0}, "dimensions": {"x": 0.46774286400000004, "y": 0.06581250187499993, "z": 0.28277784999999955}}, "door": "unknown"}, {"object": "limb", "geometry": {"position": {"x": 0.04700674941303457, "y": -0.3902473681887265, "z": 2.9238236496294645}, "rotation": {"x": 0, "y": 0, "z": 0}, "dimensions": {"x": 0.10928571438095239, "y": 0.016590903787878808, "z": 0.12144444222222228}}, "door": "unknown"}]}