{"figures": [{"object": "human", "geometry": {"position": {"x": -0.35559893829903916, "y": 0.05839977819988579, "z": 2.524935851841701}, "rotation": {"x": 0, "y": 0, "z": 0}, "dimensions": {"x": 0.7860000301, "y": 0.6700000066666667, "z": 0.9266774032258076}}, "door": "unknown"}, {"object": "human", "geometry": {"position": {"x": -1.3227244468433346, "y": -0.33482810387432876, "z": 2.716007337311529}, "rotation": {"x": 0, "y": 0, "z": 0}, "dimensions": {"x": 0.9292665613921904, "y": 0.1357058788235294, "z": 0.6184999499999999}}, "door": "unknown"}, {"object": "limb", "geometry": {"position": {"x": 0.1947965752534674, "y": -0.3852591882393686, "z": 2.8461645615315065}, "rotation": {"x": 0, "y": 0, "z": 0}, "dimensions": {"x": 0.4642142957285714, "y": 0.029318175227272703, "z": 0.3657936936507937}}, "door": "unknown"}, {"object": "human", "geometry": {"position": {"x": -0.7179166769444446, "y": 0.04120833333333333, "z": 2.8989029222222222}, "rotation": {"x": 0, "y": 0, "z": 0}, "dimensions": {"x": 0.10800003999999996, "y": 0.017999999000000003, "z": 0.08866668333333338}}, "door": "unknown"}]}