{"figures": [{"object": "human", "geometry": {"position": {"x": -1.0301115709748367, "y": -0.35986856362339315, "z": 2.7923311787113225}, "rotation": {"x": 0, "y": 0, "z": 0}, "dimensions": {"x": 0.604125095, "y": 0.08799998166666673, "z": 0.58400008}}, "door": "unknown"}, {"object": "human", "geometry": {"position": {"x": -0.5536382291572357, "y": -0.37666534971426424, "z": 2.8257496008659704}, "rotation": {"x": 0, "y": 0, "z": 0}, "dimensions": {"x": 0.13633332888888883, "y": 0.056019223269230756, "z": 0.252805455555555}}, "door": "unknown"}]}