{"figures": [{"object": "human", "geometry": {"position": {"x": -1.0116377449893896, "y": -0.31314697988127643, "z": 2.6457967075454603}, "rotation": {"x": 0, "y": 0, "z": 0}, "dimensions": {"x": 1.3904999999999998, "y": 0.3743077000769231, "z": 0.8340142037558702}}, "door": "unknown"}, {"object": "human", "geometry": {"position": {"x": -0.8244333498328812, "y": -0.3697157552212721, "z": 1.8452838789439405}, "rotation": {"x": 0, "y": 0, "z": 0}, "dimensions": {"x": 0.09184374729166667, "y": 0.05013253277108448, "z": 0.0900361662650615}}, "door": "unknown"}, {"object": "limb", "geometry": {"position": {"x": -0.03182149086372562, "y": -0.3750928378096846, "z": 2.8210605613785775}, "rotation": {"x": 0, "y": 0, "z": 0}, "dimensions": {"x": 0.5072500016666667, "y": 0.05077500600000007, "z": 0.32287518749999977}}, "door": "unknown"}]}