{"figures": [{"object": "human", "geometry": {"position": {"x": -1.3135982420937673, "y": -0.33757686676737864, "z": 2.7457655308488147}, "rotation": {"x": 0, "y": 0, "z": 0}, "dimensions": {"x": 0.9764166627777778, "y": 0.1408571261904762, "z": 0.6170001000000003}}, "door": "unknown"}, {"object": "limb", "geometry": {"position": {"x": 0.16968187150237996, "y": -0.3849734317599244, "z": 2.8676137802177415}, "rotation": {"x": 0, "y": 0, "z": 0}, "dimensions": {"x": 0.48595187359358283, "y": 0.032999990000000035, "z": 0.24216673333333283}}, "door": "unknown"}]}