{"figures": [{"object": "human", "geometry": {"position": {"x": -1.33351640680144, "y": -0.3376416036889266, "z": 2.7572628187904424}, "rotation": {"x": 0, "y": 0, "z": 0}, "dimensions": {"x": 0.9331666783333334, "y": 0.1358333366666667, "z": 0.6038168183333332}}, "door": "unknown"}, {"object": "human", "geometry": {"position": {"x": -1.6338287240557154, "y": 0.8998469743931559, "z": 2.6902996776554557}, "rotation": {"x": 0, "y": 0, "z": 0}, "dimensions": {"x": 0.36899999333333366, "y": 0.22387500849999997, "z": 0.7792060264705887}}, "door": "unknown"}, {"object": "limb", "geometry": {"position": {"x": 0.010615134273291676, "y": -0.3800236577495755, "z": 2.875928853614985}, "rotation": {"x": 0, "y": 0, "z": 0}, "dimensions": {"x": 0.20385000067499998, "y": 0.03524999000000001, "z": 0.23666669166666754}}, "door": "unknown"}]}