{"figures": [{"object": "human", "geometry": {"position": {"x": -1.3655536651746776, "y": -0.34949308593130857, "z": 2.730013630177664}, "rotation": {"x": 0, "y": 0, "z": 0}, "dimensions": {"x": 0.7442763407894737, "y": 0.11879998949999998, "z": 0.5339001500000005}}, "door": "unknown"}, {"object": "limb", "geometry": {"position": {"x": 0.016899329714033774, "y": -0.37838028050940253, "z": 2.7830199544894128}, "rotation": {"x": 0, "y": 0, "z": 0}, "dimensions": {"x": 0.27857142357142856, "y": 0.03740624375000001, "z": 0.3065152136363647}}, "door": "unknown"}]}