{"figures": [{"object": "human", "geometry": {"position": {"x": -0.8232403630682116, "y": -0.19555722723581118, "z": 2.381300727261397}, "rotation": {"x": 0, "y": 0, "z": 0}, "dimensions": {"x": 1.9040000498333336, "y": 0.7630000016666667, "z": 1.3539032258064523}}, "door": "unknown"}]}