{"figures": [{"object": "human", "geometry": {"position": {"x": -1.6600197546649553, "y": 0.8721740911594199, "z": 2.661588990174444}, "rotation": {"x": 0, "y": 0, "z": 0}, "dimensions": {"x": 0.3810526442982456, "y": 0.25967892703508777, "z": 0.7437334266666671}}, "door": "unknown"}, {"object": "human", "geometry": {"position": {"x": -0.4527929909966613, "y": -0.3776968167433146, "z": 2.9060621590047075}, "rotation": {"x": 0, "y": 0, "z": 0}, "dimensions": {"x": 0.11104761817460312, "y": 0.03563042869565214, "z": 0.1796053429824549}}, "door": "unknown"}, {"object": "limb", "geometry": {"position": {"x": 0.13795389727033397, "y": -0.38303726082849027, "z": 2.917781309714099}, "rotation": {"x": 0, "y": 0, "z": 0}, "dimensions": {"x": 0.5025000005, "y": 0.033000005, "z": 0.18483338333333332}}, "door": "unknown"}]}