{"figures": [{"object": "human", "geometry": {"position": {"x": -0.7940627570367226, "y": -0.3649031150970193, "z": 2.844949258340786}, "rotation": {"x": 0, "y": 0, "z": 0}, "dimensions": {"x": 1.2570000000000001, "y": 0.10875000250000005, "z": 0.3965834583333332}}, "door": "unknown"}]}