{"figures": [{"object": "human", "geometry": {"position": {"x": -0.9781081016849816, "y": -0.08799468119400816, "z": 2.0221525005183296}, "rotation": {"x": 0, "y": 0, "z": 0}, "dimensions": {"x": 0.7301538656410261, "y": 0.5704999900000001, "z": 1.4071015304347845}}, "door": "unknown"}, {"object": "limb", "geometry": {"position": {"x": -0.36278290279487263, "y": -0.37562144979578854, "z": 2.846411527814221}, "rotation": {"x": 0, "y": 0, "z": 0}, "dimensions": {"x": 0.5537500067291666, "y": 0.04518750187499998, "z": 0.32753339000000015}}, "door": "unknown"}, {"object": "human", "geometry": {"position": {"x": -1.540658319070359, "y": -0.34186177184431377, "z": 2.7250711759801116}, "rotation": {"x": 0, "y": 0, "z": 0}, "dimensions": {"x": 0.4795333111111113, "y": 0.12802898859903367, "z": 0.47374249696969706}}, "door": "unknown"}, {"object": "human", "geometry": {"position": {"x": -0.935912952118526, "y": -0.3599120512091295, "z": 2.7874383942301257}, "rotation": {"x": 0, "y": 0, "z": 0}, "dimensions": {"x": 0.2194000926666667, "y": 0.08719999133333328, "z": 0.30650010000000005}}, "door": "unknown"}]}