{"figures": [{"object": "human", "geometry": {"position": {"x": 1.9005068392133702, "y": -0.027436263921946886, "z": 2.9159209320311357}, "rotation": {"x": 0, "y": 0, "z": 0}, "dimensions": {"x": 0.04019999333333324, "y": 0.055500000775, "z": 0.05957141428571422}}, "door": "unknown"}, {"object": "human", "geometry": {"position": {"x": -1.0297266861899153, "y": -0.34977076353280295, "z": 2.7701575122534754}, "rotation": {"x": 0, "y": 0, "z": 0}, "dimensions": {"x": 1.4268461523076923, "y": 0.12366667777777779, "z": 0.5990000499999999}}, "door": "unknown"}]}