{"figures": [{"object": "human", "geometry": {"position": {"x": -0.2627320873949573, "y": -0.02041215589332084, "z": 2.872971952099438}, "rotation": {"x": 0, "y": 0, "z": 0}, "dimensions": {"x": 0.01920000999999999, "y": 0.12037500227083334, "z": 0.22855561111111067}}, "door": "unknown"}, {"object": "human", "geometry": {"position": {"x": -1.2028980438364552, "y": -0.3429552935933822, "z": 2.762654095050455}, "rotation": {"x": 0, "y": 0, "z": 0}, "dimensions": {"x": 1.2087000399999999, "y": 0.1326666777777778, "z": 0.5137565275641025}}, "door": "unknown"}, {"object": "human", "geometry": {"position": {"x": -0.23200924002172837, "y": -0.3786890424699524, "z": 2.827431073843665}, "rotation": {"x": 0, "y": 0, "z": 0}, "dimensions": {"x": 0.42150000165000007, "y": 0.04783332722222222, "z": 0.26944509395604443}}, "door": "unknown"}]}