{"figures": [{"object": "human", "geometry": {"position": {"x": -0.5202795099072683, "y": 0.22327424416289174, "z": 1.7493739440107663}, "rotation": {"x": 0, "y": 0, "z": 0}, "dimensions": {"x": 0.636000008125, "y": 0.9260454611363638, "z": 0.7635000999999999}}, "door": "unknown"}, {"object": "other", "geometry": {"position": {"x": -0.26581719501879564, "y": -0.3702283211871825, "z": 2.820242087575175}, "rotation": {"x": 0, "y": 0, "z": 0}, "dimensions": {"x": 0.7969999933333334, "y": 0.07180000016666666, "z": 0.4198177283783773}}, "door": "unknown"}, {"object": "human", "geometry": {"position": {"x": -0.21805765826785722, "y": 0.2575824001364796, "z": 2.8486336869855435}, "rotation": {"x": 0, "y": 0, "z": 0}, "dimensions": {"x": 0.03299999000000001, "y": 0.14100001, "z": 0.2617142714285716}}, "door": "unknown"}]}