{"figures": [{"object": "limb", "geometry": {"position": {"x": -0.10090843100837446, "y": -0.3723973559093185, "z": 2.8339051323458215}, "rotation": {"x": 0, "y": 0, "z": 0}, "dimensions": {"x": 0.5506250008333333, "y": 0.0581999940000002, "z": 0.3016307707692305}}, "door": "unknown"}]}