{"figures": [{"object": "human", "geometry": {"position": {"x": -1.13460702281653, "y": -0.34702763383572277, "z": 2.7125107614092685}, "rotation": {"x": 0, "y": 0, "z": 0}, "dimensions": {"x": 1.2130000046666662, "y": 0.127, "z": 0.8772616687179497}}, "door": "unknown"}, {"object": "human", "geometry": {"position": {"x": 1.3801403280341384, "y": 0.40875275269693445, "z": 2.1688911278674494}, "rotation": {"x": 0, "y": 0, "z": 0}, "dimensions": {"x": 1.012500008333333, "y": 0.6788000226666666, "z": 1.5279001700000006}}, "door": "unknown"}, {"object": "limb", "geometry": {"position": {"x": -0.06996609400439735, "y": -0.3711599594350699, "z": 2.875710989844105}, "rotation": {"x": 0, "y": 0, "z": 0}, "dimensions": {"x": 0.5508750104166666, "y": 0.05150001333333343, "z": 0.2798966954022988}}, "door": "unknown"}]}