{"figures": [{"object": "human", "geometry": {"position": {"x": -0.48703540925961225, "y": 0.5021836803855044, "z": 2.2081547928751024}, "rotation": {"x": 0, "y": 0, "z": 0}, "dimensions": {"x": 0.6130000099999999, "y": 0.59400003, "z": 1.4377001333333341}}, "door": "unknown"}, {"object": "human", "geometry": {"position": {"x": -1.3741672322575635, "y": -0.3479029833335025, "z": 2.8502613856139565}, "rotation": {"x": 0, "y": 0, "z": 0}, "dimensions": {"x": 1.0469999937499999, "y": 0.12699999666666673, "z": 0.4844763365079361}}, "door": "unknown"}, {"object": "human", "geometry": {"position": {"x": -0.5504282124303096, "y": -0.37436414428676257, "z": 2.871466160617244}, "rotation": {"x": 0, "y": 0, "z": 0}, "dimensions": {"x": 0.1561818175757576, "y": 0.05400000000000005, "z": 0.24670006333333383}}, "door": "unknown"}, {"object": "human", "geometry": {"position": {"x": -0.04135312521354167, "y": -0.38306875312500005, "z": 2.9037792911458338}, "rotation": {"x": 0, "y": 0, "z": 0}, "dimensions": {"x": 0.0540000008, "y": 0.035249990000000064, "z": 0.11899987500000009}}, "door": "unknown"}]}