{"figures": [{"object": "human", "geometry": {"position": {"x": -0.5701583945034462, "y": -0.3616637177666789, "z": 2.034725521467173}, "rotation": {"x": 0, "y": 0, "z": 0}, "dimensions": {"x": 0.15900001750000003, "y": 0.07240001266666662, "z": 0.2669743179487174}}, "door": "unknown"}, {"object": "other", "geometry": {"position": {"x": -0.24572341686741536, "y": -0.37076198704268126, "z": 2.8501091163315104}, "rotation": {"x": 0, "y": 0, "z": 0}, "dimensions": {"x": 0.6085000098333334, "y": 0.06599999000000001, "z": 0.41100008}}, "door": "unknown"}]}