{"figures": [{"object": "human", "geometry": {"position": {"x": -0.5727117894726677, "y": -0.1438335828526688, "z": 2.030069929078092}, "rotation": {"x": 0, "y": 0, "z": 0}, "dimensions": {"x": 0.598028572, "y": 0.47184782460869595, "z": 1.4678016301587302}}, "door": "unknown"}, {"object": "human", "geometry": {"position": {"x": -1.3185494971421226, "y": -0.34309461329909346, "z": 2.7341076738419794}, "rotation": {"x": 0, "y": 0, "z": 0}, "dimensions": {"x": 0.9374000433333333, "y": 0.1235000108333334, "z": 0.5635000499999996}}, "door": "unknown"}, {"object": "limb", "geometry": {"position": {"x": -0.18096444450410545, "y": -0.3854804391166339, "z": 2.83663465601079}, "rotation": {"x": 0, "y": 0, "z": 0}, "dimensions": {"x": 0.43600001, "y": 0.033857145714285775, "z": 0.39063048478260853}}, "door": "unknown"}]}