{"figures": [{"object": "human", "geometry": {"position": {"x": -0.29570604139100587, "y": 0.07614734925565854, "z": 1.8129175117608332}, "rotation": {"x": 0, "y": 0, "z": 0}, "dimensions": {"x": 0.80945455, "y": 0.7700000183333333, "z": 1.13079998}}, "door": "unknown"}, {"object": "other", "geometry": {"position": {"x": -0.2231999174354363, "y": -0.3726619632553176, "z": 2.8335015761142786}, "rotation": {"x": 0, "y": 0, "z": 0}, "dimensions": {"x": 0.7024999983333333, "y": 0.07440000399999996, "z": 0.39180487523809493}}, "door": "unknown"}]}