{"figures": [{"object": "human", "geometry": {"position": {"x": -1.266509627569949, "y": -0.3414133097898917, "z": 2.753573373257531}, "rotation": {"x": 0, "y": 0, "z": 0}, "dimensions": {"x": 0.9768333300000002, "y": 0.12699999666666673, "z": 0.5460526464114821}}, "door": "unknown"}, {"object": "other", "geometry": {"position": {"x": -0.1421224562262761, "y": -0.37008199530485736, "z": 2.808005728692649}, "rotation": {"x": 0, "y": 0, "z": 0}, "dimensions": {"x": 0.5759999942857142, "y": 0.057857132857142834, "z": 0.39409097575757457}}, "door": "unknown"}, {"object": "human", "geometry": {"position": {"x": -0.34282591427544645, "y": 0.11410817090629595, "z": 2.8411171267694773}, "rotation": {"x": 0, "y": 0, "z": 0}, "dimensions": {"x": 0.17325001249999997, "y": 0.16649999995, "z": 0.4272224111111105}}, "door": "unknown"}]}