{"figures": [{"object": "other", "geometry": {"position": {"x": -0.2513218806900407, "y": -0.371575806461039, "z": 2.8342364533412363}, "rotation": {"x": 0, "y": 0, "z": 0}, "dimensions": {"x": 0.7469999799375, "y": 0.06194999649999994, "z": 0.3850436130434769}}, "door": "unknown"}]}