{"figures": [{"object": "human", "geometry": {"position": {"x": -1.603612651438849, "y": -0.3560931511742505, "z": 2.7106954200311675}, "rotation": {"x": 0, "y": 0, "z": 0}, "dimensions": {"x": 0.3420000000000001, "y": 0.12827271969696974, "z": 0.3537273000000005}}, "door": "unknown"}, {"object": "other", "geometry": {"position": {"x": -0.21380456169410963, "y": -0.36957547909482175, "z": 2.85553088008655}, "rotation": {"x": 0, "y": 0, "z": 0}, "dimensions": {"x": 0.8687263326666667, "y": 0.08450000333333335, "z": 0.3432857714285711}}, "door": "unknown"}]}