{"figures": [{"object": "other", "geometry": {"position": {"x": -0.20532655420260942, "y": -0.3684697585196593, "z": 2.8293459453416268}, "rotation": {"x": 0, "y": 0, "z": 0}, "dimensions": {"x": 0.618000015, "y": 0.06444374725000018, "z": 0.3918260357142862}}, "door": "unknown"}, {"object": "human", "geometry": {"position": {"x": -0.48833823945098054, "y": -0.16473529838235293, "z": 2.8144668004411755}, "rotation": {"x": 0, "y": 0, "z": 0}, "dimensions": {"x": 0.09449998500000001, "y": 0.009000000000000008, "z": 0.35466676666666697}}, "door": "unknown"}]}