{"figures": [{"object": "human", "geometry": {"position": {"x": -0.7525140603839326, "y": -0.23441118335573585, "z": 2.752365971494358}, "rotation": {"x": 0, "y": 0, "z": 0}, "dimensions": {"x": 1.8786001008, "y": 0.550900003, "z": 0.5686667333333331}}, "door": "unknown"}, {"object": "human", "geometry": {"position": {"x": 1.5877704143877533, "y": 0.7426270915116243, "z": 2.387930889436923}, "rotation": {"x": 0, "y": 0, "z": 0}, "dimensions": {"x": 0.6546000399999998, "y": 0.49084612871794886, "z": 1.225147238235294}}, "door": "unknown"}]}