{"figures": [{"object": "human", "geometry": {"position": {"x": -1.1260620170852493, "y": -0.3583092098372587, "z": 2.742715177568193}, "rotation": {"x": 0, "y": 0, "z": 0}, "dimensions": {"x": 1.6841428575714286, "y": 0.11200000666666671, "z": 0.7495834416666667}}, "door": "unknown"}]}