{"figures": [{"object": "human", "geometry": {"position": {"x": -1.0286346942804756, "y": -0.03151374578263778, "z": 2.087531220471676}, "rotation": {"x": 0, "y": 0, "z": 0}, "dimensions": {"x": 0.6402500091666667, "y": 0.43950001000000005, "z": 0.9155705868323611}}, "door": "unknown"}, {"object": "human", "geometry": {"position": {"x": 0.34468714078432156, "y": 0.09875035264149681, "z": 2.0533058868630545}, "rotation": {"x": 0, "y": 0, "z": 0}, "dimensions": {"x": 0.5070000100000001, "y": 0.43199999, "z": 1.3730000000000002}}, "door": "unknown"}, {"object": "limb", "geometry": {"position": {"x": -0.36172376327449607, "y": -0.25718512436607566, "z": 2.2554070917792504}, "rotation": {"x": 0, "y": 0, "z": 0}, "dimensions": {"x": 0.6597000048999999, "y": 0.32766667077777784, "z": 1.2805403885057474}}, "door": "unknown"}, {"object": "human", "geometry": {"position": {"x": -1.1381228866513373, "y": -0.3519710176369307, "z": 2.8267304479892013}, "rotation": {"x": 0, "y": 0, "z": 0}, "dimensions": {"x": 0.9390000299999999, "y": 0.12388889925925956, "z": 0.4980667533333327}}, "door": "unknown"}]}