{"figures": [{"object": "human", "geometry": {"position": {"x": -0.8268477354433149, "y": -0.356312872868521, "z": 2.7827417281212377}, "rotation": {"x": 0, "y": 0, "z": 0}, "dimensions": {"x": 1.1863928792857141, "y": 0.290250000625, "z": 0.6012477352380952}}, "door": "unknown"}, {"object": "human", "geometry": {"position": {"x": -1.619301674360517, "y": -0.353899769837034, "z": 2.7299402260283228}, "rotation": {"x": 0, "y": 0, "z": 0}, "dimensions": {"x": 0.2968799920000005, "y": 0.12747057686274504, "z": 0.3904706388235297}}, "door": "unknown"}]}