{"figures": [{"object": "human", "geometry": {"position": {"x": -0.8028836615212327, "y": -0.21873070150405832, "z": 2.7743109508346375}, "rotation": {"x": 0, "y": 0, "z": 0}, "dimensions": {"x": 1.8462000505000002, "y": 0.5409999995238096, "z": 0.663232665891472}}, "door": "unknown"}, {"object": "human", "geometry": {"position": {"x": 1.5443856519620727, "y": 0.2763606999531996, "z": 2.2292186732185333}, "rotation": {"x": 0, "y": 0, "z": 0}, "dimensions": {"x": 0.812571528571429, "y": 0.66356250375, "z": 1.264643026785715}}, "door": "unknown"}, {"object": "human", "geometry": {"position": {"x": 1.73732145, "y": -0.02732142907142857, "z": 2.867250136904762}, "rotation": {"x": 0, "y": 0, "z": 0}, "dimensions": {"x": 0.16200000000000014, "y": 0.036000000000000004, "z": 0.19700000000000006}}, "door": "unknown"}]}