{"figures": [{"object": "limb", "geometry": {"position": {"x": 0.004327310936364428, "y": -0.3793933722735199, "z": 2.802379390189049}, "rotation": {"x": 0, "y": 0, "z": 0}, "dimensions": {"x": 0.231000011, "y": 0.03599999133333348, "z": 0.30025005000000027}}, "door": "unknown"}, {"object": "human", "geometry": {"position": {"x": -0.5383958495457415, "y": 0.9210905360895193, "z": 2.7857923188936784}, "rotation": {"x": 0, "y": 0, "z": 0}, "dimensions": {"x": 0.23536364818181815, "y": 0.19673529529411748, "z": 0.46544443333333385}}, "door": "unknown"}]}