{"figures": [{"object": "human", "geometry": {"position": {"x": -1.4114175505476771, "y": 0.708991263618822, "z": 2.1557509826193826}, "rotation": {"x": 0, "y": 0, "z": 0}, "dimensions": {"x": 0.9011607336904759, "y": 0.5207399907999994, "z": 1.491210684210526}}, "door": "unknown"}, {"object": "human", "geometry": {"position": {"x": -0.7213318121456717, "y": -0.16212798095971698, "z": 2.4306353421941926}, "rotation": {"x": 0, "y": 0, "z": 0}, "dimensions": {"x": 2.03775004, "y": 0.7896666866666667, "z": 1.3745546954545456}}, "door": "unknown"}, {"object": "human", "geometry": {"position": {"x": 0.5124636668201459, "y": 0.5980879618329215, "z": 2.045967966272867}, "rotation": {"x": 0, "y": 0, "z": 0}, "dimensions": {"x": 0.672749995, "y": 0.62812500625, "z": 1.4714146609756098}}, "door": "unknown"}, {"object": "human", "geometry": {"position": {"x": -1.800156558857413, "y": 0.6140825883484243, "z": 2.757269619255505}, "rotation": {"x": 0, "y": 0, "z": 0}, "dimensions": {"x": 0.16476918333333335, "y": 0.27900001000000013, "z": 0.52299995}}, "door": "unknown"}]}