{"figures": [{"object": "human", "geometry": {"position": {"x": -0.3728155826291181, "y": -0.04240018305069125, "z": 2.7939411123814444}, "rotation": {"x": 0, "y": 0, "z": 0}, "dimensions": {"x": 0.05720191711538464, "y": 0.05699999800000001, "z": 0.26955076086956486}}, "door": "unknown"}, {"object": "human", "geometry": {"position": {"x": -1.3006737181998203, "y": -0.34706289969647813, "z": 2.773210040169228}, "rotation": {"x": 0, "y": 0, "z": 0}, "dimensions": {"x": 1.0310769438461536, "y": 0.12100908981818187, "z": 0.6068001800000005}}, "door": "unknown"}, {"object": "limb", "geometry": {"position": {"x": -0.26582426500243844, "y": -0.37949872483900976, "z": 2.8708500137480186}, "rotation": {"x": 0, "y": 0, "z": 0}, "dimensions": {"x": 0.5856923063846156, "y": 0.04579999933333334, "z": 0.335209175454545}}, "door": "unknown"}]}