{"figures": [{"object": "limb", "geometry": {"position": {"x": -0.05477369653952751, "y": -0.37568007761433214, "z": 2.848622569868322}, "rotation": {"x": 0, "y": 0, "z": 0}, "dimensions": {"x": 0.5243538472307693, "y": 0.047999993333333435, "z": 0.3090000428571429}}, "door": "unknown"}]}