{"figures": [{"object": "human", "geometry": {"position": {"x": -1.3159071647082532, "y": -0.34561511599340533, "z": 2.784465004374861}, "rotation": {"x": 0, "y": 0, "z": 0}, "dimensions": {"x": 0.9522857128571427, "y": 0.1207499995000001, "z": 0.4563334833333337}}, "door": "unknown"}]}