{"figures": [{"object": "limb", "geometry": {"position": {"x": 0.04068661343826381, "y": -0.37610764473109237, "z": 2.853472069299032}, "rotation": {"x": 0, "y": 0, "z": 0}, "dimensions": {"x": 0.29902174086956523, "y": 0.03878570595238118, "z": 0.18163461538461645}}, "door": "unknown"}]}