{"figures": [{"object": "human", "geometry": {"position": {"x": -1.3494648809016017, "y": -0.3452318542536761, "z": 2.6616855319832307}, "rotation": {"x": 0, "y": 0, "z": 0}, "dimensions": {"x": 0.852482163035714, "y": 0.12599999750000002, "z": 0.5982501250000003}}, "door": "unknown"}, {"object": "human", "geometry": {"position": {"x": -0.28070095176924226, "y": -0.3784663650019551, "z": 2.847341345235888}, "rotation": {"x": 0, "y": 0, "z": 0}, "dimensions": {"x": 0.37592309696153847, "y": 0.03681818000000009, "z": 0.2817334166666665}}, "door": "unknown"}]}