{"figures": [{"object": "limb", "geometry": {"position": {"x": -0.2762980752411476, "y": -0.3836240697777915, "z": 2.904168357496759}, "rotation": {"x": 0, "y": 0, "z": 0}, "dimensions": {"x": 0.445125005, "y": 0.03646152784615386, "z": 0.20566678253968274}}, "door": "unknown"}, {"object": "human", "geometry": {"position": {"x": -0.6323805633606046, "y": -0.33464584986296375, "z": 2.249285934794533}, "rotation": {"x": 0, "y": 0, "z": 0}, "dimensions": {"x": 0.35785714517857165, "y": 0.14481818272727282, "z": 0.4138177908860752}}, "door": "unknown"}]}