{"figures": [{"object": "other", "geometry": {"position": {"x": -0.32967977525531944, "y": -0.30423778607554697, "z": 2.6712200512655633}, "rotation": {"x": 0, "y": 0, "z": 0}, "dimensions": {"x": 0.8069999961538462, "y": 0.3610430782123077, "z": 0.7777149318660261}}, "door": "unknown"}, {"object": "human", "geometry": {"position": {"x": -1.2793981571289526, "y": -0.34092460005175224, "z": 2.703486656150968}, "rotation": {"x": 0, "y": 0, "z": 0}, "dimensions": {"x": 0.9482999999999997, "y": 0.12799999333333334, "z": 0.6422500937499995}}, "door": "unknown"}, {"object": "human", "geometry": {"position": {"x": -1.2661791995263385, "y": 0.9217275378804276, "z": 2.6206336334594287}, "rotation": {"x": 0, "y": 0, "z": 0}, "dimensions": {"x": 0.6219999900000001, "y": 0.1491785523809519, "z": 0.8628572654761899}}, "door": "unknown"}]}