{"figures": [{"object": "human", "geometry": {"position": {"x": -1.3088700523538452, "y": -0.3478885906004862, "z": 2.683207141831229}, "rotation": {"x": 0, "y": 0, "z": 0}, "dimensions": {"x": 1.0415000133333332, "y": 0.13889998600000003, "z": 0.6054000799999999}}, "door": "unknown"}, {"object": "human", "geometry": {"position": {"x": -0.4064030788790526, "y": -0.2611805751831779, "z": 2.382692630073561}, "rotation": {"x": 0, "y": 0, "z": 0}, "dimensions": {"x": 0.5173928604761905, "y": 0.28800000000000003, "z": 1.0723581767741928}}, "door": "unknown"}]}