{"figures": [{"object": "human", "geometry": {"position": {"x": -1.0300567893904014, "y": 0.9483653551235985, "z": 2.8161585767463713}, "rotation": {"x": 0, "y": 0, "z": 0}, "dimensions": {"x": 0.5575908927272727, "y": 0.1262583279444448, "z": 0.40000009999999975}}, "door": "unknown"}, {"object": "human", "geometry": {"position": {"x": 1.4028001889554813, "y": 0.3707193552303334, "z": 2.157365094066107}, "rotation": {"x": 0, "y": 0, "z": 0}, "dimensions": {"x": 0.9540001000000001, "y": 0.6960000199999999, "z": 1.502642985714286}}, "door": "unknown"}, {"object": "human", "geometry": {"position": {"x": -1.0727400233140825, "y": -0.3466960039991086, "z": 2.8179762326413407}, "rotation": {"x": 0, "y": 0, "z": 0}, "dimensions": {"x": 1.488000096, "y": 0.2489357136428572, "z": 0.4190001999999997}}, "door": "unknown"}, {"object": "limb", "geometry": {"position": {"x": -0.04662071339473857, "y": -0.38087107354439953, "z": 2.865054546591015}, "rotation": {"x": 0, "y": 0, "z": 0}, "dimensions": {"x": 0.34450000833333333, "y": 0.027578931754385916, "z": 0.18179175416666693}}, "door": "unknown"}]}