{"figures": [{"object": "human", "geometry": {"position": {"x": 1.711900498158233, "y": 0.47708757551197123, "z": 2.4760377080040468}, "rotation": {"x": 0, "y": 0, "z": 0}, "dimensions": {"x": 0.5407501000000001, "y": 0.6120000099999999, "z": 0.9716470882352937}}, "door": "unknown"}, {"object": "human", "geometry": {"position": {"x": -0.14494696855096975, "y": -0.38918731228780973, "z": 2.7669303941155197}, "rotation": {"x": 0, "y": 0, "z": 0}, "dimensions": {"x": 0.3141000025, "y": 0.026999991333333306, "z": 0.3055556555555552}}, "door": "unknown"}, {"object": "human", "geometry": {"position": {"x": -1.2284276274667347, "y": -0.3530923009523318, "z": 2.7074807241631214}, "rotation": {"x": 0, "y": 0, "z": 0}, "dimensions": {"x": 1.2774000293333332, "y": 0.12550000309523823, "z": 0.7190462892307696}}, "door": "unknown"}]}