{"figures": [{"object": "human", "geometry": {"position": {"x": -0.41857301516047407, "y": -0.16088132001098554, "z": 2.220430974491505}, "rotation": {"x": 0, "y": 0, "z": 0}, "dimensions": {"x": 0.6327183121596243, "y": 0.42299999666666677, "z": 1.3731072428571425}}, "door": "unknown"}, {"object": "human", "geometry": {"position": {"x": -1.5374924520231146, "y": -0.3490680987773894, "z": 2.670210572134935}, "rotation": {"x": 0, "y": 0, "z": 0}, "dimensions": {"x": 0.6983999999999995, "y": 0.132750005, "z": 0.8787914469565217}}, "door": "unknown"}, {"object": "human", "geometry": {"position": {"x": -0.1760500015151515, "y": 0.19954545742424246, "z": 2.86874560030303}, "rotation": {"x": 0, "y": 0, "z": 0}, "dimensions": {"x": 0.12299999999999998, "y": 0.033, "z": 0.1670001000000001}}, "door": "unknown"}]}