{"figures": [{"object": "human", "geometry": {"position": {"x": -0.8930861944024199, "y": -0.3301438339431686, "z": 2.7203243053615664}, "rotation": {"x": 0, "y": 0, "z": 0}, "dimensions": {"x": 1.9271250075, "y": 0.306999998, "z": 0.6995534946666675}}, "door": "unknown"}]}