{"figures": [{"object": "limb", "geometry": {"position": {"x": -0.08488973919977418, "y": -0.10404336243685225, "z": 2.061258832477629}, "rotation": {"x": 0, "y": 0, "z": 0}, "dimensions": {"x": 0.6995806518279566, "y": 0.47577778051851854, "z": 1.4791601590000014}}, "door": "unknown"}, {"object": "human", "geometry": {"position": {"x": -1.216143829573873, "y": -0.3497050863516738, "z": 2.7332232971526915}, "rotation": {"x": 0, "y": 0, "z": 0}, "dimensions": {"x": 1.1308333855555555, "y": 0.12959999120000038, "z": 0.7630217688311691}}, "door": "unknown"}, {"object": "limb", "geometry": {"position": {"x": -0.0103220712679597, "y": -0.37810941489126015, "z": 2.8121068069632202}, "rotation": {"x": 0, "y": 0, "z": 0}, "dimensions": {"x": 0.20525000025, "y": 0.02599998333333342, "z": 0.29300013333333386}}, "door": "unknown"}]}