{"figures": [{"object": "human", "geometry": {"position": {"x": -1.2940090580455692, "y": -0.341134716694072, "z": 2.7395735533278693}, "rotation": {"x": 0, "y": 0, "z": 0}, "dimensions": {"x": 0.7976428492857144, "y": 0.1326666677777778, "z": 0.5255314906249979}}, "door": "unknown"}, {"object": "limb", "geometry": {"position": {"x": -0.4082274054057306, "y": -0.3484669583407071, "z": 2.6109601071000297}, "rotation": {"x": 0, "y": 0, "z": 0}, "dimensions": {"x": 0.6070769301333332, "y": 0.15374999750000004, "z": 0.7326061090909084}}, "door": "unknown"}, {"object": "human", "geometry": {"position": {"x": -1.7503243520254377, "y": -0.37528993385391124, "z": 2.8538759105349802}, "rotation": {"x": 0, "y": 0, "z": 0}, "dimensions": {"x": 0.061285628571428497, "y": 0.037500013333333304, "z": 0.15252687053571545}}, "door": "unknown"}]}