{"figures": [{"object": "other", "geometry": {"position": {"x": 0.19405728505819525, "y": 0.9753450741728505, "z": 2.9500901076479535}, "rotation": {"x": 0, "y": 0, "z": 0}, "dimensions": {"x": 0.1127532522077922, "y": 0.07006155092307687, "z": 0.10530780000000028}}, "door": "unknown"}]}