{"figures": [{"object": "human", "geometry": {"position": {"x": -1.2506278284928085, "y": -0.34563157643169373, "z": 2.696482283454757}, "rotation": {"x": 0, "y": 0, "z": 0}, "dimensions": {"x": 1.0054000139999997, "y": 0.13578947526315804, "z": 0.6079546712121218}}, "door": "unknown"}, {"object": "human", "geometry": {"position": {"x": -0.3968461533333334, "y": -0.06753846178846154, "z": 2.8895706583333336}, "rotation": {"x": 0, "y": 0, "z": 0}, "dimensions": {"x": 0.011999990000000016, "y": 0.106499999, "z": 0.15600004999999983}}, "door": "unknown"}, {"object": "limb", "geometry": {"position": {"x": 0.08902168269280963, "y": -0.37862284008835884, "z": 2.8335453940000686}, "rotation": {"x": 0, "y": 0, "z": 0}, "dimensions": {"x": 0.1500000036666667, "y": 0.032863640454545484, "z": 0.27822372368421}}, "door": "unknown"}]}