{"figures": [{"object": "human", "geometry": {"position": {"x": -0.37500693606360563, "y": -0.379150399391966, "z": 2.8084705283059077}, "rotation": {"x": 0, "y": 0, "z": 0}, "dimensions": {"x": 0.1669166786111111, "y": 0.04266668111111116, "z": 0.322690122}}, "door": "unknown"}, {"object": "human", "geometry": {"position": {"x": -1.251388351505186, "y": -0.34478631503132456, "z": 2.715759283487499}, "rotation": {"x": 0, "y": 0, "z": 0}, "dimensions": {"x": 1.1589999966666666, "y": 0.13275001249999996, "z": 0.6548335166666668}}, "door": "unknown"}, {"object": "human", "geometry": {"position": {"x": -0.10280291856151702, "y": -0.38632681218268705, "z": 2.942635290863775}, "rotation": {"x": 0, "y": 0, "z": 0}, "dimensions": {"x": 0.16650000255, "y": 0.028874973749999977, "z": 0.10820009000000042}}, "door": "unknown"}]}