{"figures": [{"object": "human", "geometry": {"position": {"x": 1.3775621321147462, "y": 0.4659962376439796, "z": 2.1358633540766507}, "rotation": {"x": 0, "y": 0, "z": 0}, "dimensions": {"x": 1.015733355, "y": 0.703500025, "z": 1.5449584583333331}}, "door": "unknown"}, {"object": "human", "geometry": {"position": {"x": -1.0137207459701425, "y": -0.3523010535339488, "z": 2.7431861198926595}, "rotation": {"x": 0, "y": 0, "z": 0}, "dimensions": {"x": 1.8900001000000002, "y": 0.24216666944444445, "z": 0.7670000999999997}}, "door": "unknown"}]}