{"figures": [{"object": "human", "geometry": {"position": {"x": 0.21724987365448237, "y": 0.22610186927961123, "z": 2.382318570194168}, "rotation": {"x": 0, "y": 0, "z": 0}, "dimensions": {"x": 0.625499977, "y": 0.49026470542745115, "z": 1.2385626104166654}}, "door": "unknown"}, {"object": "human", "geometry": {"position": {"x": -0.7856672742003067, "y": -0.35782788716949837, "z": 2.775232656304481}, "rotation": {"x": 0, "y": 0, "z": 0}, "dimensions": {"x": 0.31800002000000005, "y": 0.09400000666666675, "z": 0.4828001133333335}}, "door": "unknown"}, {"object": "human", "geometry": {"position": {"x": -1.3747713736815335, "y": -0.34212713144680956, "z": 2.799346664970875}, "rotation": {"x": 0, "y": 0, "z": 0}, "dimensions": {"x": 0.32099999999999995, "y": 0.11399999, "z": 0.4204001800000001}}, "door": "unknown"}, {"object": "human", "geometry": {"position": {"x": -0.43683524135798707, "y": -0.32165466858369723, "z": 2.4582652318183897}, "rotation": {"x": 0, "y": 0, "z": 0}, "dimensions": {"x": 0.5129999850000001, "y": 0.19329411882352962, "z": 0.8809406513986024}}, "door": "unknown"}]}