{"figures": [{"object": "human", "geometry": {"position": {"x": 1.734573430576075, "y": 0.9277230620358983, "z": 2.8061579297547072}, "rotation": {"x": 0, "y": 0, "z": 0}, "dimensions": {"x": 0.4314546363636367, "y": 0.16990908010695172, "z": 0.4851580052631572}}, "door": "unknown"}, {"object": "human", "geometry": {"position": {"x": -0.43612713688072574, "y": 0.015690715268557778, "z": 2.391879615253605}, "rotation": {"x": 0, "y": 0, "z": 0}, "dimensions": {"x": 1.8600000366666667, "y": 0.9616500110000001, "z": 1.4679501649999998}}, "door": "unknown"}]}