{"figures": [{"object": "human", "geometry": {"position": {"x": -0.5574714251820244, "y": 0.17589861327258752, "z": 2.1717576056849572}, "rotation": {"x": 0, "y": 0, "z": 0}, "dimensions": {"x": 0.75900002, "y": 0.5778749937500001, "z": 1.4476251124999995}}, "door": "unknown"}, {"object": "human", "geometry": {"position": {"x": -0.46558173766666666, "y": 0.3153125021955128, "z": 2.871857178589743}, "rotation": {"x": 0, "y": 0, "z": 0}, "dimensions": {"x": 0.16049999999999998, "y": 0.17400000000000002, "z": 0.2420000499999997}}, "door": "unknown"}]}