{"figures": [{"object": "human", "geometry": {"position": {"x": 1.3950214640960863, "y": 0.3827418577780604, "z": 2.176208335533033}, "rotation": {"x": 0, "y": 0, "z": 0}, "dimensions": {"x": 0.966321441428572, "y": 0.6998571517012988, "z": 1.4462642820754714}}, "door": "unknown"}]}