{"figures": [{"object": "limb", "geometry": {"position": {"x": 0.06737300153521535, "y": -0.3828165582890352, "z": 2.8651218064968234}, "rotation": {"x": 0, "y": 0, "z": 0}, "dimensions": {"x": 0.148749996725, "y": 0.028799980999999975, "z": 0.20816658333333393}}, "door": "unknown"}]}