{"figures": {"object": "human", "geometry": {"position": {"x": -1.6116555355931395, "y": -0.3473962305199895, "z": 2.609126974160389}, "rotation": {"x": 0, "y": 0, "z": 0}, "dimensions": {"x": 0.40500000000000025, "y": 0.12085714000000003, "z": 0.5610302818181814}}, "door": "unknown"}}